date,weekday,type_id,type_name,keyword,min_price,max_price,ad,memo
2026-10-02,金,12,体験談・ストーリー型,,,,0,投稿
2026-10-03,土,11,豆知識型,,,,0,投稿(土曜は作業日。予約しておく)
2026-10-04,日,12,体験談・ストーリー型,,,,0,投稿
2026-10-05,月,1,悩み解決型,モバイルバッテリー 軽量 20000mAh,3000,6000,1,投稿
2026-10-06,火,12,体験談・ストーリー型,,,,0,投稿
2026-10-07,水,2,比較型,ワイヤレスイヤホン ノイズキャンセリング,5000,15000,1,投稿
2026-10-08,木,10,質問・アンケート型,,,,0,投稿
2026-10-09,金,3,レビュー型,USB-C ハブ 6in1,2500,8000,1,投稿
2026-10-10,土,11,豆知識型,,,,0,投稿(土曜は作業日。予約しておく)
2026-10-11,日,12,体験談・ストーリー型,,,,0,投稿
2026-10-12,月,4,ランキング型,電気毛布 洗える,3000,8000,1,投稿
2026-10-13,火,12,体験談・ストーリー型,,,,0,投稿
2026-10-14,水,6,コスパ型,電気ケトル 温度調節,3000,8000,1,投稿
2026-10-15,木,10,質問・アンケート型,,,,0,投稿
2026-10-16,金,7,失敗回避型,加湿器 卓上 超音波,2000,6000,1,投稿
2026-10-17,土,11,豆知識型,,,,0,投稿(土曜は作業日。予約しておく)
2026-10-18,日,12,体験談・ストーリー型,,,,0,投稿
2026-10-19,月,5,セール・イベント型,ロボット掃除機,15000,40000,1,投稿
2026-10-20,火,12,体験談・ストーリー型,,,,0,投稿
2026-10-21,水,8,使用シーン型,モニターライト デスク,3000,9000,1,投稿
2026-10-22,木,10,質問・アンケート型,,,,0,投稿
2026-10-23,金,1,悩み解決型,ドライヤー 速乾 大風量,4000,12000,1,投稿
2026-10-24,土,11,豆知識型,,,,0,投稿(土曜は作業日。予約しておく)
2026-10-25,日,10,質問・アンケート型,,,,0,投稿
2026-10-26,月,2,比較型,空気清浄機 コンパクト,8000,25000,1,投稿
2026-10-27,火,12,体験談・ストーリー型,,,,0,投稿
2026-10-28,水,9,ギフト・季節型,ギフト 家電 プレゼント 5000円,3000,7000,1,投稿
2026-10-29,木,10,質問・アンケート型,,,,0,投稿
2026-10-30,金,13,旅行プラン型,,,,1,投稿
2026-10-31,土,11,豆知識型,,,,0,投稿(土曜は作業日。予約しておく)
2026-11-01,日,4,ランキング型,加湿器 スチーム式,8000,20000,1,投稿
2026-11-02,月,1,悩み解決型,電気毛布 掛け敷き 洗える,5000,12000,1,投稿
2026-11-03,火,10,質問・アンケート型,,,,0,投稿
2026-11-04,水,2,比較型,ドライヤー 大風量 速乾,8000,25000,1,投稿
2026-11-05,木,11,豆知識型,,,,0,投稿
2026-11-06,金,7,失敗回避型,セラミックファンヒーター 人感センサー,6000,15000,1,投稿
2026-11-07,土,12,体験談・ストーリー型,,,,0,投稿(土曜は作業日。予約しておく)
2026-11-08,日,6,コスパ型,スマートウォッチ 健康管理,8000,20000,1,投稿
2026-11-09,月,1,悩み解決型,電動歯ブラシ 音波,6000,15000,1,投稿
2026-11-10,火,10,質問・アンケート型,,,,0,投稿
2026-11-11,水,2,比較型,ロボット掃除機 水拭き,20000,50000,1,投稿
2026-11-12,木,11,豆知識型,,,,0,投稿
2026-11-13,金,3,レビュー型,電気圧力鍋,10000,25000,1,投稿
2026-11-14,土,12,体験談・ストーリー型,,,,0,投稿(土曜は作業日。予約しておく)
2026-11-15,日,8,使用シーン型,足元ヒーター デスク,5000,12000,1,投稿
2026-11-16,月,4,ランキング型,加湿空気清浄機,15000,40000,1,投稿
2026-11-17,火,10,質問・アンケート型,,,,0,投稿
2026-11-18,水,9,ギフト・季節型,ホットアイマスク 充電式,4000,12000,1,投稿
2026-11-19,木,11,豆知識型,,,,0,投稿
2026-11-20,金,5,セール・イベント型,炊飯器 5合,10000,30000,1,投稿
2026-11-21,土,12,体験談・ストーリー型,,,,0,投稿(土曜は作業日。予約しておく)
2026-11-22,日,2,比較型,コードレス掃除機 スティック,15000,40000,1,投稿
2026-11-23,月,6,コスパ型,ネックマッサージャー,5000,15000,1,投稿
2026-11-24,火,10,質問・アンケート型,,,,0,投稿
2026-11-25,水,5,セール・イベント型,電気シェーバー メンズ,10000,30000,1,投稿
2026-11-26,木,11,豆知識型,,,,0,投稿
2026-11-27,金,9,ギフト・季節型,ワイヤレス充電器 3in1,4000,12000,1,投稿
2026-11-28,土,12,体験談・ストーリー型,,,,0,投稿(土曜は作業日。予約しておく)
2026-11-29,日,4,ランキング型,オーブンレンジ,20000,50000,1,投稿
2026-11-30,月,1,悩み解決型,衣類乾燥除湿機,15000,40000,1,投稿
